scenario,theta_r,theta_s,vg_n,bc_n,Ks,q0
sand,0.045,0.43,2.68,0.2283884976669142,29.7,29.7
loamy_sand,0.057,0.41,2.28,0.20283586053810718,14.6,14.6
sandy_loam,0.065,0.41,1.89,0.16926728296047303,4.42,4.42
loam,0.078,0.43,1.56,0.1299894915238124,1.04,1.04
silt,0.085,0.45,1.35,0.09623664647306453,0.52,0.52
silty_loam,0.09,0.46,1.25,0.07623596563029728,0.35,0.35
clay,0.1,0.47,1.15,0.052167541278223636,0.2,0.2
